<?xml version="1.0" encoding="UTF-8"?>
<jdbc:descriptor wsdlLocation="insertar.sql.wsdl" targetNamespace="urn:intalio.com:connectors:database:examenfinal:insertarservice" xmlns:jdbc="http://bpms.intalio.com/connectors/jdbc/">
    <jdbc:service name="insertarService">
        <jdbc:operation name="urn:insertar" sqlStatement="INSERT INTO  pedido (cod_producto,nom_producto,total_pedido, fecha_pedido,estado_pedido,prioridad_pedido) VALUES (?,?,?,?,?,?)



  

  

" event="false" dynamicCredentials="true" xmlns:urn="urn:intalio.com:connectors:database:examenfinal:insertarservice">
            <jdbc:input>
                <jdbc:parameter>
                    <jdbc:mode>1</jdbc:mode>
                    <jdbc:name>Parameter0</jdbc:name>
                    <jdbc:type>40</jdbc:type>
                    <jdbc:length>10</jdbc:length>
                    <jdbc:typeName xsi:nil="true" xmlns:xsi="http://www.w3.org/2001/XMLSchema-instance"/>
                    <jdbc:precision>0</jdbc:precision>
                    <jdbc:scale>0</jdbc:scale>
                    <jdbc:nullable>false</jdbc:nullable>
                    <jdbc:index>0</jdbc:index>
                </jdbc:parameter>
                <jdbc:parameter>
                    <jdbc:mode>1</jdbc:mode>
                    <jdbc:name>Parameter1</jdbc:name>
                    <jdbc:type>40</jdbc:type>
                    <jdbc:length>10</jdbc:length>
                    <jdbc:typeName xsi:nil="true" xmlns:xsi="http://www.w3.org/2001/XMLSchema-instance"/>
                    <jdbc:precision>0</jdbc:precision>
                    <jdbc:scale>0</jdbc:scale>
                    <jdbc:nullable>false</jdbc:nullable>
                    <jdbc:index>1</jdbc:index>
                </jdbc:parameter>
                <jdbc:parameter>
                    <jdbc:mode>1</jdbc:mode>
                    <jdbc:name>Parameter2</jdbc:name>
                    <jdbc:type>40</jdbc:type>
                    <jdbc:length>10</jdbc:length>
                    <jdbc:typeName xsi:nil="true" xmlns:xsi="http://www.w3.org/2001/XMLSchema-instance"/>
                    <jdbc:precision>0</jdbc:precision>
                    <jdbc:scale>0</jdbc:scale>
                    <jdbc:nullable>false</jdbc:nullable>
                    <jdbc:index>2</jdbc:index>
                </jdbc:parameter>
                <jdbc:parameter>
                    <jdbc:mode>1</jdbc:mode>
                    <jdbc:name>Parameter3</jdbc:name>
                    <jdbc:type>40</jdbc:type>
                    <jdbc:length>10</jdbc:length>
                    <jdbc:typeName xsi:nil="true" xmlns:xsi="http://www.w3.org/2001/XMLSchema-instance"/>
                    <jdbc:precision>0</jdbc:precision>
                    <jdbc:scale>0</jdbc:scale>
                    <jdbc:nullable>false</jdbc:nullable>
                    <jdbc:index>3</jdbc:index>
                </jdbc:parameter>
                <jdbc:parameter>
                    <jdbc:mode>1</jdbc:mode>
                    <jdbc:name>Parameter4</jdbc:name>
                    <jdbc:type>40</jdbc:type>
                    <jdbc:length>10</jdbc:length>
                    <jdbc:typeName xsi:nil="true" xmlns:xsi="http://www.w3.org/2001/XMLSchema-instance"/>
                    <jdbc:precision>0</jdbc:precision>
                    <jdbc:scale>0</jdbc:scale>
                    <jdbc:nullable>false</jdbc:nullable>
                    <jdbc:index>4</jdbc:index>
                </jdbc:parameter>
                <jdbc:parameter>
                    <jdbc:mode>1</jdbc:mode>
                    <jdbc:name>Parameter5</jdbc:name>
                    <jdbc:type>40</jdbc:type>
                    <jdbc:length>10</jdbc:length>
                    <jdbc:typeName xsi:nil="true" xmlns:xsi="http://www.w3.org/2001/XMLSchema-instance"/>
                    <jdbc:precision>0</jdbc:precision>
                    <jdbc:scale>0</jdbc:scale>
                    <jdbc:nullable>false</jdbc:nullable>
                    <jdbc:index>5</jdbc:index>
                </jdbc:parameter>
            </jdbc:input>
            <jdbc:filter rowsToSendService="1" rowsToFetch="-1" duration="-PT1S">
                <jdbc:unique scope="none"/>
            </jdbc:filter>
            <jdbc:output/>
        </jdbc:operation>
        <jdbc:port>
            <jdbc:address location="http://localhost:8080/ode/processes/insertarService"/>
        </jdbc:port>
        <jdbc:connection jndiName="java:comp/env/jdbc/">
            <jdbc:databaseProductName>MySql</jdbc:databaseProductName>
            <jdbc:databaseProductVersion>5.0</jdbc:databaseProductVersion>
            <jdbc:driverClass>com.mysql.jdbc.Driver</jdbc:driverClass>
            <jdbc:databaseUrl>jdbc:mysql://localhost:3306/guillermorodriguez</jdbc:databaseUrl>
            <jdbc:databaseName>guillermorodriguez</jdbc:databaseName>
            <jdbc:userName>root</jdbc:userName>
            <jdbc:password>root</jdbc:password>
        </jdbc:connection>
    </jdbc:service>
</jdbc:descriptor>